Room / Area,Device Name,Record ID,App Type,Device Type,Device Status (Boolean),Channel ID,Tunable Channel ID,Device ID,Is Dimmable (Boolean),Is Tunable (Boolean),Is Fan (Boolean),Is Alexa Enabled (Boolean),IP Address,Port
"LIVING","COB 1",485,"L","RL",FALSE,"1","101","19",TRUE,FALSE,FALSE,FALSE,"",""
"LIVING","MAIN CURTAIN",497,"C","RL",FALSE,"None","","61",FALSE,FALSE,FALSE,FALSE,"",""
"LIVING","SHEER CURTAIN",498,"C","RL",FALSE,"None","","61",FALSE,FALSE,FALSE,FALSE,"",""
"LIVING","AC",506,"AC","IR",FALSE,"","","196",FALSE,FALSE,FALSE,FALSE,"",""
"LIVING","COB 9",513,"L","RL",FALSE,"20","120","19",TRUE,FALSE,FALSE,FALSE,"",""
"LIVING","COB 10",514,"L","RL",FALSE,"32","132","19",TRUE,FALSE,FALSE,FALSE,"",""
"LIVING","COB 11",515,"L","RL",FALSE,"21","121","19",TRUE,FALSE,FALSE,FALSE,"",""
"LIVING","COB 2",486,"L","RL",FALSE,"3","103","19",TRUE,FALSE,FALSE,FALSE,"",""
"LIVING","COB 3",487,"L","RL",FALSE,"30","130","19",TRUE,FALSE,FALSE,FALSE,"",""
"LIVING","COB 4",488,"L","RL",FALSE,"22","122","19",TRUE,FALSE,FALSE,FALSE,"",""
"LIVING","COB 5",489,"L","RL",FALSE,"16","116","19",TRUE,FALSE,FALSE,FALSE,"",""
"LIVING","COB 6",490,"L","RL",FALSE,"13","113","19",TRUE,FALSE,FALSE,FALSE,"",""
"LIVING","COB 7",504,"L","RL",FALSE,"34","134","19",TRUE,FALSE,FALSE,FALSE,"",""
"LIVING","COB 8",505,"L","RL",FALSE,"35","135","19",TRUE,FALSE,FALSE,FALSE,"",""
"LIVING","OUTSIDE LIGHT",491,"L","RL",FALSE,"1","101","61",FALSE,FALSE,FALSE,FALSE,"",""
"LIVING","NICHE LIGHT",492,"L","RL",FALSE,"6","106","61",FALSE,FALSE,FALSE,FALSE,"",""
"LIVING","CURTAIN ROPE",493,"L","RL",FALSE,"10","110","61",FALSE,FALSE,FALSE,FALSE,"",""
"LIVING","HANGING",494,"L","RL",FALSE,"16","116","61",FALSE,FALSE,FALSE,FALSE,"",""
"LIVING","SPOT LIGHT",495,"L","RL",FALSE,"18","118","61",FALSE,FALSE,FALSE,FALSE,"",""
"DINING","COB 1",499,"L","RL",FALSE,"12","112","19",TRUE,FALSE,FALSE,FALSE,"",""
"DINING","COB 2",500,"L","RL",FALSE,"27","127","19",TRUE,FALSE,FALSE,FALSE,"",""
"DINING","COB 3",501,"L","RL",FALSE,"26","126","19",TRUE,FALSE,FALSE,FALSE,"",""
"DINING","COB 4",502,"L","RL",FALSE,"36","136","19",TRUE,FALSE,FALSE,FALSE,"",""
"DINING","HANGING",503,"L","RL",FALSE,"8","108","61",FALSE,FALSE,FALSE,FALSE,"",""
"DINING","AC",507,"AC","IR",FALSE,"","","197",FALSE,FALSE,FALSE,FALSE,"",""
"Parent Room","FAN",430,"L","RL",FALSE,"15","115","61",FALSE,FALSE,FALSE,FALSE,"",""
"Parent Room","CURTAIN ROPE",434,"L","RL",FALSE,"3","103","61",FALSE,FALSE,FALSE,FALSE,"",""
"Parent Room","WALL LIGHT",435,"L","RL",FALSE,"4","104","61",FALSE,FALSE,FALSE,FALSE,"",""
"Parent Room","BED PROFILE",436,"L","RL",FALSE,"7","107","61",FALSE,FALSE,FALSE,FALSE,"",""
"Parent Room","MINI SPOT",437,"L","RL",FALSE,"13","113","61",FALSE,FALSE,FALSE,FALSE,"",""
"Parent Room","FOOT LIGHT",438,"L","RL",FALSE,"14","114","61",FALSE,FALSE,FALSE,FALSE,"",""
"Parent Room","AC",508,"AC","IR",FALSE,"","","191",FALSE,FALSE,FALSE,FALSE,"",""
"Parent Room","COB 1",429,"L","RL",FALSE,"28","128","19",TRUE,TRUE,FALSE,FALSE,"",""
"Parent Room","COB 2",431,"L","RL",FALSE,"15","115","19",TRUE,TRUE,FALSE,FALSE,"",""
"Parent Room","COB 3",432,"L","RL",FALSE,"19","119","19",TRUE,TRUE,FALSE,FALSE,"",""
"Parent Room","COB 4",433,"L","RL",FALSE,"2","102","19",TRUE,TRUE,FALSE,FALSE,"",""
"HARSHIT ROOM","FAN",439,"L","RL",FALSE,"19","119","62",FALSE,FALSE,FALSE,FALSE,"",""
"HARSHIT ROOM","COB 1",440,"L","RL",FALSE,"14","114","19",TRUE,TRUE,FALSE,FALSE,"",""
"HARSHIT ROOM","BED PROFILE",441,"L","RL",FALSE,"7","107","62",FALSE,FALSE,FALSE,FALSE,"",""
"HARSHIT ROOM","NICHE LIGHT",442,"L","RL",FALSE,"8","108","62",FALSE,FALSE,FALSE,FALSE,"",""
"HARSHIT ROOM","CURTAIN ROPE",443,"L","RL",FALSE,"9","109","62",FALSE,FALSE,FALSE,FALSE,"",""
"HARSHIT ROOM","BED SPOT",444,"L","RL",FALSE,"10","110","62",FALSE,FALSE,FALSE,FALSE,"",""
"HARSHIT ROOM","TRACK",445,"L","RL",FALSE,"11","111","62",FALSE,FALSE,FALSE,FALSE,"",""
"HARSHIT ROOM","HANGING",446,"L","RL",FALSE,"14","114","62",FALSE,FALSE,FALSE,FALSE,"",""
"HARSHIT ROOM","FOOT LIGHT",447,"L","RL",FALSE,"20","120","62",FALSE,FALSE,FALSE,FALSE,"",""
"HARSHIT ROOM","CURTAIN",484,"C","RL",FALSE,"None","","62",FALSE,FALSE,FALSE,FALSE,"",""
"HARSHIT ROOM","AC",509,"AC","IR",FALSE,"","","192",FALSE,FALSE,FALSE,FALSE,"",""
"ASHU ROOM","FAN",448,"L","RL",TRUE,"12","112","62",FALSE,FALSE,FALSE,FALSE,"",""
"ASHU ROOM","COB 1",449,"L","RL",FALSE,"24","124","19",TRUE,TRUE,FALSE,FALSE,"",""
"ASHU ROOM","COB 2",450,"L","RL",FALSE,"33","133","19",TRUE,TRUE,FALSE,FALSE,"",""
"ASHU ROOM","COB 3",451,"L","RL",FALSE,"6","106","19",TRUE,TRUE,FALSE,FALSE,"",""
"ASHU ROOM","COB 4",452,"L","RL",FALSE,"18","118","19",TRUE,TRUE,FALSE,FALSE,"",""
"ASHU ROOM","COB 5",453,"L","RL",FALSE,"7","107","19",TRUE,TRUE,FALSE,FALSE,"",""
"ASHU ROOM","CURTAIN ROPE",454,"L","RL",FALSE,"1","101","62",FALSE,FALSE,FALSE,FALSE,"",""
"ASHU ROOM","BED SPOT",455,"L","RL",FALSE,"2","102","62",FALSE,FALSE,FALSE,FALSE,"",""
"ASHU ROOM","CEILING ROPE",456,"L","RL",FALSE,"3","103","62",FALSE,FALSE,FALSE,FALSE,"",""
"ASHU ROOM","PROFILE",459,"L","RL",FALSE,"17","117","62",FALSE,FALSE,FALSE,FALSE,"",""
"ASHU ROOM","HANGING",460,"L","RL",FALSE,"18","118","62",FALSE,FALSE,FALSE,FALSE,"",""
"ASHU ROOM","FOOT LIGHT",461,"L","RL",FALSE,"21","121","62",FALSE,FALSE,FALSE,FALSE,"",""
"ASHU ROOM","AC",510,"AC","IR",FALSE,"","","193",FALSE,FALSE,FALSE,FALSE,"",""
"ASHU ROOM","T.V",517,"TV","LIP",FALSE,"","","",FALSE,FALSE,FALSE,FALSE,"192.168.1.26","5555"
"Master Room","FAN",462,"L","RL",TRUE,"13","113","62",FALSE,FALSE,FALSE,FALSE,"",""
"Master Room","COB 1",463,"L","RL",FALSE,"4","104","19",TRUE,TRUE,FALSE,FALSE,"",""
"Master Room","COB 2",464,"L","RL",FALSE,"29","129","19",TRUE,TRUE,FALSE,FALSE,"",""
"Master Room","COB 3",465,"L","RL",FALSE,"25","125","19",TRUE,TRUE,FALSE,FALSE,"",""
"Master Room","COB 4",466,"L","RL",FALSE,"23","123","19",TRUE,TRUE,FALSE,FALSE,"",""
"Master Room","COB 5",467,"L","RL",FALSE,"31","131","19",TRUE,TRUE,FALSE,FALSE,"",""
"Master Room","COB 6",468,"L","RL",FALSE,"9","109","19",TRUE,TRUE,FALSE,FALSE,"",""
"Master Room","COB 7",469,"L","RL",FALSE,"10","110","19",TRUE,TRUE,FALSE,FALSE,"",""
"Master Room","CEILING ROPE",470,"L","RL",FALSE,"4","104","62",FALSE,FALSE,FALSE,FALSE,"",""
"Master Room","BED PROFILE",471,"L","RL",FALSE,"5","105","62",FALSE,FALSE,FALSE,FALSE,"",""
"Master Room","BED SPOT",472,"L","RL",FALSE,"6","106","62",FALSE,FALSE,FALSE,FALSE,"",""
"Master Room","FOOT LIGHT",473,"L","RL",FALSE,"22","122","62",FALSE,FALSE,FALSE,FALSE,"",""
"Master Room","AC",511,"AC","IR",TRUE,"","","194",FALSE,FALSE,FALSE,FALSE,"",""
"Master Room","CURTAIN",516,"C","RL",FALSE,"None","","62",FALSE,FALSE,FALSE,FALSE,"",""
"HOME THEATRE","COB 1",474,"L","RL",FALSE,"17","117","19",TRUE,FALSE,FALSE,FALSE,"",""
"HOME THEATRE","COB 2",475,"L","RL",FALSE,"11","111","19",TRUE,FALSE,FALSE,FALSE,"",""
"HOME THEATRE","COB 3",476,"L","RL",FALSE,"5","105","19",TRUE,FALSE,FALSE,FALSE,"",""
"HOME THEATRE","COB 4",477,"L","RL",FALSE,"8","108","19",TRUE,FALSE,FALSE,FALSE,"",""
"HOME THEATRE","CURTAIN ROPE",478,"L","RL",FALSE,"2","102","61",FALSE,FALSE,FALSE,FALSE,"",""
"HOME THEATRE","CEILING ROPR",479,"L","RL",FALSE,"5","105","61",FALSE,FALSE,FALSE,FALSE,"",""
"HOME THEATRE","LED",480,"L","RL",FALSE,"9","109","61",FALSE,FALSE,FALSE,FALSE,"",""
"HOME THEATRE","WALL LIGHT",481,"L","RL",FALSE,"11","111","61",FALSE,FALSE,FALSE,FALSE,"",""
"HOME THEATRE","FOCUS LIGHT",482,"L","RL",FALSE,"12","112","61",FALSE,FALSE,FALSE,FALSE,"",""
"HOME THEATRE","CURTAIN",483,"C","RL",FALSE,"None","","61",FALSE,FALSE,FALSE,FALSE,"",""
"HOME THEATRE","AC",496,"AC","RL",FALSE,"0","","195",FALSE,FALSE,FALSE,FALSE,"",""
"HOME THEATRE","PROJECTOR",512,"PRJ","IR",FALSE,"","","",FALSE,FALSE,FALSE,FALSE,"",""